seq,id,freq
TACTAAC,51,0.875968992248062
GACTAAC,50,0.104651162790698
AACTAAC,49,0.104651162790698
AATTAAC,48,0.0155038759689922
TTCTAAC,47,0.104651162790698
CTCTAAC,46,0.104651162790698
TTTTAAC,45,0.0155038759689922
CTTTAAC,44,0.0155038759689922
CTCTAAT,43,0.00387596899224806
TTCTAAT,42,0.00387596899224806
AACTAAT,41,0.00387596899224806
TCCTAAC,40,0.104651162790698
TATTAAC,39,0.0155038759689922
ATCTAAT,38,0.00387596899224806
ACCTAAC,37,0.104651162790698
TACTAAT,36,0.00387596899224806
TGCTAAC,35,0.104651162790698
TCTTAAC,34,0.0155038759689922
AGCTAAC,33,0.104651162790698
TCCTAAT,32,0.00387596899224806
AGCTAAT,31,0.00387596899224806
ACTTAAC,30,0.0155038759689922
AGTTAAC,29,0.0155038759689922
ATCTAAC,28,0.104651162790698
ATTTAAC,27,0.0155038759689922
CACTAAC,26,0.104651162790698
ACCTAAT,25,0.00387596899224806
ZZZZZZZ,24,0
TGTTAAC,23,0.0155038759689922
TGCTAAT,22,0.00387596899224806
TACTAAA,21,0
TAATAAC,20,0
TACTCAC,19,0
TAGTAAC,18,0
TACTAAG,17,0
TACCAAC,16,0
TACTTAC,15,0
AACTAGT,14,0
TACTAGC,13,0
TACTATC,12,0
AACTAAA,11,0
TACTGAC,10,0
TACGAAC,9,0
TACAAAC,8,0
TACTACC,7,0
TAAGAAC,6,0
AACTAAG,5,0
TACACAC,4,0
AACTACT,3,0
AACTATT,2,0
ACCTAAA,1,0
ACCTAAG,1,0
TAATAAG,1,0
TACATAC,1,0
TAGTAAT,1,0
AAATAAC,1,0
TGCCAAC,1,0
TGCAAAC,1,0
TATTCAC,1,0
TACAACC,1,0
TACTCGC,1,0
TAGTCAC,1,0
ACCTATT,1,0
TGCGAAC,1,0
TATTAAG,1,0
TACGAAG,1,0
TAATAGC,1,0
CGCTAAC,1,0.104651162790698
TTCTAAA,1,0
ACCTACT,1,0
TACCAAG,1,0
AGCTAAG,1,0
CCCTAAC,1,0.104651162790698
TATGAAC,1,0
TCCGACT,1,0
TGCTGAC,1,0
CGCGAAC,1,0
GATTAAC,1,0.0155038759689922
TCCTAAA,1,0
TATTACC,1,0
TACTCAT,1,0
TTCCTAC,1,0
AACTCAC,1,0
TCCTGAC,1,0
TCTTAGA,1,0
TATTCCC,1,0
TGCAACG,1,0
AACTGGC,1,0
TAGAAAC,1,0
GACAACG,1,0
GACTATC,1,0
GGCTAAC,1,0.104651162790698
CGCGAGC,1,0
TCATAAC,1,0
TACGGGA,1,0
TACACAT,1,0
TCGTGAC,1,0
GGCACAC,1,0
TATGCCC,1,0
GACTCGA,1,0
GACTAGT,1,0
TAACAAC,1,0
TGGTCAT,1,0
TCGTCGC,1,0
TATTAGG,1,0
ACCTCAC,1,0
TTCTTTC,1,0
TACTTCT,1,0
TGCACAC,1,0
TAGTTGT,1,0
GAGTAAC,1,0
ATCTCAC,1,0
TACTATA,1,0
AACAGAA,1,0
GACTCTG,1,0
CTGTAAC,1,0
TACTTCG,1,0
TAAGGAA,1,0
GAGTTAC,1,0
TGGTAAT,1,0
GATCAAC,1,0
TACGAGA,1,0
TAATCCT,1,0
AAGTTAT,1,0
ACCTAGT,1,0
TACTGTC,1,0
TGTCAAC,1,0
TACCTTG,1,0
TATAAAC,1,0
TGGTCGC,1,0
GACTGCA,1,0
CACCGTC,1,0
AACTTAG,1,0
TACTGGC,1,0
GACAGAT,1,0
GCCTAAG,1,0
TACGGTG,1,0
AATAAAT,1,0
GCCTATA,1,0
TCGGAAT,1,0
CGCTAAA,1,0
GAACAAA,1,0
TGGGAAA,1,0
TACTTAA,1,0
TAGCTAT,1,0
GACTACG,1,0
TACCGAA,1,0
ATGTAAG,1,0
AAGTATG,1,0
AACGAGC,1,0
TCGCAAT,1,0
TGCGTAT,1,0
TCCAAAC,1,0
TAGTTTG,1,0
CGCGATC,1,0
GACTGAC,1,0
TGTTTAC,1,0
TACTGTT,1,0
CTCTACC,1,0
TCCCAGT,1,0
TGGTTTC,1,0
CACTAAG,1,0
CACCAGA,1,0
TACCGGT,1,0
TAACACT,1,0
ATCAAAC,1,0
CACGAGC,1,0
TACTCCC,1,0
CATCAAG,1,0
CGCATAC,1,0
TACCTAC,1,0
TGAGAAC,1,0
TATCAAC,1,0
TGGAATC,1,0
TCCATAG,1,0
AGTCAAC,1,0
TACGCCA,1,0
TGCGGAT,1,0
TACTCTA,1,0
CACGCAG,1,0
TAAGAAG,1,0
AACCAAC,1,0
TAGTTGC,1,0
TGCAAAT,1,0
TACTTCC,1,0
TACAGAC,1,0
TATTGAC,1,0
TACGGAC,1,0
GACTCAC,1,0
TACGAGC,1,0
TACTAGG,1,0
TATTTAC,1,0
TTATAAC,1,0
AGCTATC,1,0
TACCATC,1,0
TAATGAC,1,0
CACTACC,1,0
TTATAAA,1,0
TGTTAGC,1,0
TTCCAAC,1,0
TACAATC,1,0
TACAAAT,1,0
TACTGCC,1,0
TAATAAT,1,0
TAGTACG,1,0
TCCGAAC,1,0
CACTATC,1,0
TAATAAA,1,0
CACGAAC,1,0
TACCACC,1,0
GACTAAT,1,0.00387596899224806
TACAAAG,1,0
TAAAGAC,1,0
TGCTAAG,1,0
TACCGAC,1,0
TGCTTAC,1,0
TAGTATC,1,0
TGATACC,1,0
TTTTCAC,1,0
TCCGTAT,1,0
AAGCAAC,1,0
TACTGAG,1,0
TGTCAAA,1,0
TGGTAAC,1,0
AAACAAC,1,0
TAGTAAG,1,0
GTCAAAC,1,0
CAGTAAA,1,0
CACAAAC,1,0
CAATAAC,1,0
TGATATC,1,0
ATATAAC,1,0
TAGGAAC,1,0
TACGTAC,1,0
TCGTAAC,1,0
TACTCAA,1,0
CCCTAAA,1,0
GAATAAC,1,0
TACTCAG,1,0
TTCTCCC,1,0
TATTATC,1,0
TTCTCAC,1,0
TAGTAGC,1,0
GACATCC,1,0
CCGTAAG,1,0
AAGAATC,1,0
TGCTGTC,1,0
TACCCAC,1,0
TTGTAAC,1,0
TGCGCTC,1,0
GAGTAGC,1,0
TACTACG,1,0
AACAGAC,1,0
TGCTAGC,1,0
TTACAAC,1,0
TAGGACC,1,0
TATAAAT,1,0
TGCCAGC,1,0
TACAAAA,1,0
TAATACC,1,0
GCCTAAC,1,0.104651162790698
TCCTATC,1,0
TTCTTAC,1,0
ATGTAAC,1,0
CACTTGC,1,0
TAGTACC,1,0
GACTATG,1,0
TGCTACC,1,0
TTCGGGC,1,0
TACCAGT,1,0
TACGCAT,1,0
AACTATG,1,0
TAACCAC,1,0
CATGATC,1,0
TATGAGC,1,0
TGTGAAC,1,0
TAGTAAA,1,0
TATAAAG,1,0
TACCAGC,1,0
TCCCAGG,1,0
TACGCTT,1,0
CACAATC,1,0
TACCAAA,1,0
GACTAAA,1,0
TATTAAT,1,0
AACTGCG,1,0
TACCAAT,1,0
AACTACC,1,0
TCTCTAC,1,0
TAATTAG,1,0
TACATAT,1,0
AGATAAC,1,0
AACTATA,1,0
GAATCAC,1,0
TAATATC,1,0
TTCGAAC,1,0
GAAGAAC,1,0
TACGAAA,1,0
TTCTACC,1,0
AACTCAG,1,0
TAAGAGC,1,0
TAGGGAC,1,0
GACTAGC,1,0
TACTACA,1,0
TTCTGAC,1,0
CACTAAA,1,0
TAGAAAT,1,0
GCCTATC,1,0
TGTTACC,1,0
TGCCAAG,1,0
TACACTC,1,0
TAGTTAC,1,0
GCTCAAC,1,0
CAATGAC,1,0
TTCCAGG,1,0
CATTAAC,1,0.0155038759689922
TTCTAAG,1,0
TTCCAAT,1,0
TACGAAT,1,0
GACGAAT,1,0
CACTAAT,1,0.00387596899224806
TGAAAAC,1,0
CGCAAAC,1,0
TATCTTC,1,0
TATTAGC,1,0
TGGTATT,1,0
ATATAAG,1,0
GACTGCC,1,0
TAATGAT,1,0
AGTGAAC,1,0
CACCAAT,1,0
AGCTCAC,1,0
GTCTAAC,1,0.104651162790698
GTCTGAC,1,0
GATGACC,1,0
GCCAAAG,1,0
TATAGAA,1,0
GATTAGC,1,0
GACTTCA,1,0
CTCTAGC,1,0
CACGTCC,1,0
TCCGTAC,1,0
TAATTCG,1,0
GTATTAC,1,0
GACCTGC,1,0
TCCGATC,1,0
TAGTCCT,1,0
TCCAGAA,1,0
AATTGAC,1,0
TATGCAG,1,0
TTGGATC,1,0
TCCCACC,1,0
AAATCCC,1,0
TTCGGAC,1,0
GCCTGCC,1,0
CCCCAGC,1,0
CAATAAG,1,0
GTTTACC,1,0
TTCCAGC,1,0
GACGAGC,1,0
TTCCAGA,1,0
CGCTGTC,1,0
TCCTTAT,1,0
TGTCAGC,1,0
GGCTTAA,1,0
TACTAGT,1,0
GATTAAT,1,0
ACATAAC,1,0
GTGTGAC,1,0
TGATCAG,1,0
GTCTTTC,1,0
AAAGCAC,1,0
CCCAATC,1,0
TCGTAAT,1,0
CACTCAA,1,0
TTTGAAC,1,0
TTCCCAT,1,0
CGCTACT,1,0
TATACAA,1,0
AAATATT,1,0
GGCTATG,1,0
GTCACAC,1,0
AACGACC,1,0
TCCTTTC,1,0
CATAAAC,1,0
GACCAAT,1,0
TCATTAG,1,0
AGCTATG,1,0
TTCGCTC,1,0
TACTCCG,1,0
AAGTACG,1,0
CAGTGAG,1,0
CATGAAT,1,0
TATGATA,1,0
GGCGAGC,1,0
CGCTCAG,1,0
TCTTAGC,1,0
CAAAACC,1,0
CGCTGAC,1,0
ACCTTAC,1,0
GAAAAAG,1,0
TGATGAC,1,0
TATACAG,1,0
TAGGGGC,1,0
TAAAAAC,1,0
AAGCTAC,1,0
GTATAAG,1,0
GAGTAAT,1,0
GTGTAAC,1,0
TCGTAAG,1,0
TGCATTC,1,0
TTCTCTC,1,0
TGCAAAG,1,0
CTCTCGC,1,0
TACGATC,1,0
TAAACCC,1,0
TGCAGTC,1,0
TCCTTAC,1,0
TAGAGAC,1,0
TACTGGG,1,0
TCGTAGA,1,0
CACTTAA,1,0
TCCAAAA,1,0
TATTATA,1,0
TACTATG,1,0
TTCGTAG,1,0
AACCTAT,1,0
TAATTAC,1,0
AACGAGT,1,0
TTATGAC,1,0
GACTGAG,1,0
GTCTTGC,1,0
TCCTGTC,1,0
TGCCCAC,1,0
TAGGATC,1,0
TTAAAAC,1,0
TACGACC,1,0
CATGAAA,1,0
GAGGGAC,1,0
GACTCCC,1,0
AGCTTAC,1,0
CACTCAC,1,0
TCCCGAA,1,0
TGTTCAT,1,0
GCCTCAA,1,0
CACTGAC,1,0
CTCTCCC,1,0
TCTTCTC,1,0
TGCGGAC,1,0
TCTTTAA,1,0
AGGTAAC,1,0
CGCTTGC,1,0
TGCTTTA,1,0
TTTAAAA,1,0
TGCTAAA,1,0
TGCTATG,1,0
TAAAAAG,1,0
AATGGAC,1,0
TTTTATG,1,0
TAATATT,1,0
AAGTATC,1,0
AATTACT,1,0
TCATAAA,1,0
TACTTCA,1,0
TGCTTGA,1,0
GCCAAAC,1,0
CCATAGC,1,0
GACCGAC,1,0
GTTTAAA,1,0
GTCTAAA,1,0
GCTTGAC,1,0
CCCAAAT,1,0
CAGACAC,1,0
CAGTACA,1,0
AACTACG,1,0
CTCAAGC,1,0
GAGTGAA,1,0
TTCTACG,1,0
TCCCAAC,1,0
GCCGCAC,1,0
TCCATAA,1,0
AATTAGC,1,0
AACTAGC,1,0
CCCTTTC,1,0
CTTTAAG,1,0
AACAAGA,1,0
GACCATC,1,0
TAGAATC,1,0
TAAGTAC,1,0
CAGTGAT,1,0
TACAGAG,1,0
TACGAGG,1,0
ACCCACC,1,0
CAGTAGC,1,0
GGATAGC,1,0
AACTACA,1,0
TCGTCAT,1,0
CACTCAT,1,0
GCCTCAT,1,0
ACCTAGC,1,0
CAGAGAC,1,0
TTAAAGC,1,0
GAATAAG,1,0
TAATCAG,1,0
AAGCGAC,1,0
TCATCAC,1,0
GTTTAAC,1,0.0155038759689922
TCGTATC,1,0
TAATCTC,1,0
GAGTTAG,1,0
GACATAG,1,0
TACCACG,1,0
CATGACC,1,0
TGCAACA,1,0
TAAGTAG,1,0
TGCCATC,1,0
ATGTAAA,1,0
GACCAAC,1,0
AAGAAAT,1,0
TTCTTTG,1,0
TATATAT,1,0
TTATTAC,1,0
TCCTAGT,1,0
CACCTGC,1,0
AAATAAT,1,0
TATTGCC,1,0
TAGCTTC,1,0
TATAAGC,1,0
AACTTAC,1,0
TTCTAGA,1,0
CACCTAG,1,0
GGTTAAG,1,0
TAGCGAC,1,0
TCGAAGC,1,0
AATTATA,1,0
AGTTCAC,1,0
TCCTATT,1,0
GCCTTGC,1,0
TTCTAGT,1,0
TTCCCGC,1,0
AACTATC,1,0
CATAGAC,1,0
TCCTCAC,1,0
AGCTTAA,1,0
TACTGAA,1,0
TCAAAAG,1,0
ACTTTAC,1,0
AACAAAG,1,0
GATCATC,1,0
GACCGAG,1,0
CACTAGC,1,0
GATGAGC,1,0
TTTTTAC,1,0
AACTCGC,1,0
GATGAAT,1,0
TCCAAAG,1,0
AAGTTTC,1,0
GGCAACC,1,0
CACAGAC,1,0
CAGTAAT,1,0
TGCGAGC,1,0
TAATGTC,1,0
TTAGTAC,1,0
TAATGGG,1,0
GACGTAG,1,0
TTACAAG,1,0
CACTTTC,1,0
GTCTCAC,1,0
TCCTCCC,1,0
CTCTTAG,1,0
TCACTAC,1,0
ACGTACC,1,0
TATCCAG,1,0
TTCGATG,1,0
CGGTAAC,1,0
TCTAACC,1,0
TCCCAAA,1,0
TCTTGGC,1,0
CGGAAAC,1,0
CCCAAAG,1,0
GATTTAC,1,0
TAAAGTC,1,0
CACTACA,1,0
TAAGAAT,1,0
TCTGTAC,1,0
AATGAAG,1,0
TATGCAA,1,0
TTCTTAG,1,0
TCCTAGC,1,0
TAAGGAG,1,0
AAGCAAT,1,0
CTCTGAC,1,0
TCTGATC,1,0
GATTAGA,1,0
GTCTAAG,1,0
TCTGAAG,1,0
AAATAAG,1,0
TAGAAAA,1,0
GAATACT,1,0
GCTTAAG,1,0
TTATCAG,1,0
CACTTCC,1,0
CACCCAC,1,0
AATTACC,1,0
TAATGAA,1,0
TGGATAC,1,0
GTCGAAG,1,0
TTTCATC,1,0
CAAAAAG,1,0
AGTTAAT,1,0
TGATAAC,1,0
TAATAGA,1,0
AAATAGC,1,0
CACGGAA,1,0
TGGGATC,1,0
TTCTAGC,1,0
TAGCATG,1,0
GTTTGAC,1,0
TAATTTC,1,0
GGATAAC,1,0
TTCAATA,1,0
GTGTTAC,1,0
ACTTAAA,1,0
CACGGAC,1,0
GCCCAAG,1,0
GGCTTCC,1,0
TACGGCC,1,0
AGCTACC,1,0
TAGGGAG,1,0
TATTTCA,1,0
TCTCAAG,1,0
TGGGAGC,1,0
CAAACAC,1,0
ATCAAGC,1,0
AACCCAC,1,0
TACGTGT,1,0
AGCTAGA,1,0
TCCCGAC,1,0
AACGATC,1,0
AAAAGAC,1,0
TTGCAAG,1,0
TTCCAAA,1,0
TCCAACA,1,0
CACTGAA,1,0
TACAGCT,1,0
CGATCAC,1,0
AAGTGAC,1,0
TTTTAAG,1,0
CAATCAC,1,0
AACTGAC,1,0
GGGTTAC,1,0
CACTCAG,1,0
CGCTCTC,1,0
TCCTGAT,1,0
AATTAGG,1,0
GAATGCC,1,0
TCGCGAC,1,0
GACTTCG,1,0
TACGTAT,1,0
TATATTC,1,0
AGCTACA,1,0
TAGTGCC,1,0
GCTTAAC,1,0.0155038759689922
TCCATGC,1,0
TGCCTAC,1,0
TACACTG,1,0
TGATACG,1,0
AACTTGC,1,0
TCCCAAT,1,0
TTCATAC,1,0
TTATAAG,1,0
TACCTGC,1,0
TCCGACC,1,0
TCCTCGG,1,0
TATGAGT,1,0
GTCGATC,1,0
GCATATC,1,0
ATAGAAC,1,0
CTCTATC,1,0
GCTAAAC,1,0
TGCAGCC,1,0
GAGCAAC,1,0
ACTTAGC,1,0
TACTTTC,1,0
TCGGAAC,1,0
TTCAATC,1,0
CACCACC,1,0
AACGAAG,1,0
AGGTACC,1,0
TGCCAAT,1,0
AACAAGC,1,0
TGAGATC,1,0
TCTTCAC,1,0
TTCTCAT,1,0
TTCTGTA,1,0
TAATCAA,1,0
TCCTGCT,1,0
CTTTTAC,1,0
TAAAAGC,1,0
TTCTCAG,1,0
GACCACT,1,0
GAGAAAG,1,0
CATTCCC,1,0
GCCTTAG,1,0
CCTTAGC,1,0
TGCGGTC,1,0
GAGTATG,1,0
CGAGAAC,1,0
TGCTACG,1,0
TACACGC,1,0
CACCAAC,1,0
ACCGATC,1,0
TGCAATC,1,0
TACTTAG,1,0
TAGCGGC,1,0
TAAATCC,1,0
GGAGAAC,1,0
TAGAAGC,1,0
TAGCATC,1,0
CATTTCC,1,0
GACAAAT,1,0
TCCTACC,1,0
TCCCACT,1,0
GACTTAC,1,0
CATTAAA,1,0
AACTCCC,1,0
CACCATT,1,0
GTATAAC,1,0
TAACAGG,1,0
TGATCAC,1,0
CACTGTG,1,0
TGCATAT,1,0
TACGGAG,1,0
CACAAGC,1,0
AAGTCGC,1,0
TACATAA,1,0
CACTTAC,1,0
TATGATG,1,0
TGGTAAG,1,0
TAGGCAC,1,0
TAGGGAA,1,0
TCCTTTA,1,0
TTCAAGT,1,0
CCCTCAC,1,0
CCCCAAC,1,0
TATCACT,1,0
TATCATG,1,0
GTCTATC,1,0
GTCTATG,1,0
ATGGAAC,1,0
ATCTGTC,1,0
AAGCATC,1,0
TACTTGT,1,0
GGGAAAC,1,0
TACCAGG,1,0
AACTTGG,1,0
AACGTAC,1,0
TCATCTC,1,0
TCATGTC,1,0
ATCTACC,1,0
CACCACG,1,0
CACTCCC,1,0
ACAAAAC,1,0
GGCGAAA,1,0
TTCTATT,1,0
TATAGCC,1,0
CACTGCC,1,0
TGCGACA,1,0
TACTAGA,1,0
CCGTAGC,1,0
CATTAGA,1,0
TACCGCC,1,0
TACTCTC,1,0
CGTAAAC,1,0
AGCTCCC,1,0
TCGAAAA,1,0
CTCTTCC,1,0
AATTTAC,1,0
ATCGAAC,1,0
TCCAAGG,1,0
CAACGAC,1,0
TAAATAA,1,0
TCCACAC,1,0
CGCTTAC,1,0
ATCTAGT,1,0
GACGCAC,1,0
GATTAAA,1,0
TACTGTG,1,0
TACAGGG,1,0
CGCTTAT,1,0
TTATACA,1,0
TGAAATC,1,0
GAGGAAC,1,0
ATTTAAA,1,0
TGTTATG,1,0
AACTAGG,1,0
TTGTAAA,1,0
TACAGTG,1,0
CACCATG,1,0
GACCTAG,1,0
GGCAAAG,1,0
TTCGCAG,1,0
TTATAGC,1,0
TAGTCTA,1,0
GATTCAA,1,0
GTCAAAG,1,0
GCATCAC,1,0
TGGTAGC,1,0
TATGACA,1,0
GACCACC,1,0
ATCCGAC,1,0
CAACCAC,1,0
GAATACC,1,0
TCGTAGC,1,0
TCTTCCC,1,0
TAACAAG,1,0
TGCAATG,1,0
TGGGAAC,1,0
TAGTCTT,1,0
AACACGC,1,0
AGCTTAT,1,0
CAATGAT,1,0
TGCGCCC,1,0
TGCGAAG,1,0
CAACTAC,1,0
TGGAAGC,1,0
GACGATT,1,0
TGCGTAC,1,0
GGGTAAC,1,0
TAGCACC,1,0
CTATCAC,1,0
TGCTCTC,1,0
TAGTTAT,1,0
TGTACAC,1,0
GACTTAT,1,0
TAAATAT,1,0
TAAGTTC,1,0
CCCGAAC,1,0
TATCAGC,1,0
TAGCAAC,1,0
GACTTGC,1,0
TACTATT,1,0
GACAGAA,1,0
GTCCACC,1,0
GCCAATC,1,0
TCGTGGC,1,0
CATTCAG,1,0
GAGTATT,1,0
TAAGATC,1,0
GGCTAAG,1,0
AAAGACC,1,0
CAATTAC,1,0
TTATACT,1,0
TACAATT,1,0
TATTGAT,1,0
TAGTACA,1,0
ACCAAAC,1,0
TAGTTAA,1,0
CCATAAC,1,0
TAGGTCC,1,0
CACTACT,1,0
CAATCAA,1,0
CACATGC,1,0
TGAGACC,1,0
AACGGAG,1,0
TTCCGTC,1,0
AGCTGTC,1,0
AGTTAAA,1,0
TGCTTTC,1,0
TTACGAC,1,0
ATTTAAG,1,0
TAGCCAC,1,0
CATCTAC,1,0
TTTCCAC,1,0
TATACAT,1,0
TAGACAC,1,0
TTTTTGC,1,0
TTCCTCC,1,0
TTAGAAC,1,0
GACTTTT,1,0
CCCTAAG,1,0
CACCATC,1,0
CCCAAGC,1,0
AACTCTG,1,0
TATGAGA,1,0
AAGTGGC,1,0
AACCATC,1,0
TTCCCAC,1,0
TTGTGAC,1,0
CATAAAT,1,0
CAATTAA,1,0
CAGGATC,1,0
CCCGATC,1,0
TTCCAAG,1,0
TTCCGAT,1,0
ATCGAAT,1,0
TATTTTA,1,0
AACCGAG,1,0
TCAGAAT,1,0
TACCCGC,1,0
TAATCAC,1,0
